<Page class="page" navigatingTo="onNavigatingTo" xmlns="http://schemas.nativescript.org/tns.xsd"
      xmlns:fresco="nativescript-fresco">
      <Page.actionBar>
        <ActionBar class="action-bar">
            <StackLayout class="steps" orientation="horizontal" horizontalAlignment="left">
                <Label class="action-bar-step" text="2/3"/>
                <Label class="action-bar-title" text="Oznacz owal twarzy"/>
            </StackLayout>
        </ActionBar>
    </Page.actionBar>
    <GridLayout rows="*, auto">
        <fresco:FrescoDrawee id="image-photo" width="100%" aspectRatio="1"
                             imageUri="{{ chosenPhotoPath }}"/>
        <AbsoluteLayout pan="facePan" touch="faceTouch" pinch="facePinch" rotation="faceRotation">
            <Label id="face-oval"
                    top="{{ faceY }}"
                    left="{{ faceX }}" 
                    width="{{ faceWidth }}"
                    height="{{ faceHeight }}"
                    rotate="{{ faceRotation }}" 
                />
         </AbsoluteLayout>
         <StackLayout verticalAlignment="bottom">
            <FlexboxLayout class="navigation-buttons-container" >
                 <StackLayout class="btn-back-wrapper" >
                         <Label class="btn-back" tap="backTap"/>
                </StackLayout>
                <StackLayout class="btn-next-wrapper" tap="nextTap" orientation="horizontal">
                        <Label class="btn-next-text" text="dalej"/>
                        <Label class="btn-next"/>
                    </StackLayout>
            </FlexboxLayout>
        </StackLayout>
    </GridLayout>
</Page>
