<Page class="page" navigatingTo="onNavigatingTo" navigatedTo="navigatedTo" xmlns="http://schemas.nativescript.org/tns.xsd">
    <Page.actionBar>
        <ActionBar class="action-bar">
            <StackLayout>
                <Label text="Brawo Ty!"/>
            </StackLayout>
        </ActionBar>
    </Page.actionBar>
    <GridLayout rows="*, auto">
        <ActivityIndicator busy="true" width="64" height="64"/>
        <Image id="image-final" src="{{ finalImageSource }}" width="100%" stretch="none"/>
        <StackLayout verticalAlignment="bottom">
            <FlexboxLayout class="navigation-buttons-container" >
                <StackLayout class="btn-back-wrapper" tap="backTap">
                    <Label class="btn-back"/>
                </StackLayout>
                 <StackLayout class="btn-share-wrapper" tap="shareTap" isEnabled="{{ finalImageSource !== undefined }}">
                    <Label class="btn-share"/>
                </StackLayout>
                 <StackLayout class="btn-new-wrapper" tap="homeTap" orientation="horizontal">
                    <Label class="btn-new-text" text="od nowa"/>
                    <Label class="btn-new"/>
                </StackLayout>
            </FlexboxLayout>
        </StackLayout>
    </GridLayout>
</Page>
