<Page class="page" loaded="onLoaded" navigatingTo="onNavigatingTo" xmlns="http://schemas.nativescript.org/tns.xsd"
      xmlns:fresco="nativescript-fresco">
      <Page.actionBar>
       <ActionBar class="action-bar">
             <StackLayout class="steps" orientation="horizontal" horizontalAlignment="left">
                <Label class="action-bar-step" text="3/3"/>
                <Label class="action-bar-title" text="Wskaż położenie twarzy"/>
            </StackLayout>
        </ActionBar>
    </Page.actionBar>
    <GridLayout rows="*, auto">
        <fresco:FrescoDrawee id="image-final"
                            width="100%" aspectRatio="1"
                             imageUri="{{ chosenBackgroundPath }}"/>
        <AbsoluteLayout pan="placementPan" touch="placementTouch" pinch="placementPinch" rotation="placementRotation">
            <Label id="placement-oval"
                    top="{{ placementY }}"
                    left="{{ placementX }}" 
                    width="{{ placementWidth }}"
                    height="{{ placementHeight }}"
                    rotate="{{ placementRotation }}"/>
        </AbsoluteLayout>
        <StackLayout verticalAlignment="bottom">
                <FlexboxLayout class="navigation-buttons-container" >
                      <StackLayout class="btn-back-wrapper" tap="backTap">
                         <Label class="btn-back" />
                    </StackLayout>
                    <StackLayout class="btn-next-wrapper" tap="nextTap" orientation="horizontal">
                        <Label class="btn-next-text" text="dalej" />
                        <Label class="btn-next"/>
                </StackLayout>
                </FlexboxLayout>
        </StackLayout>
    </GridLayout>
</Page>
