<Page class="page" navigatingTo="onNavigatingTo" xmlns="http://schemas.nativescript.org/tns.xsd"
      xmlns:fresco="nativescript-fresco">
     <Page.actionBar >
        <ActionBar class="action-bar">
            <StackLayout class="steps" orientation="horizontal" horizontalAlignment="left">
                <StackLayout class="action-bar-step">
                    <Label class="info"/>
                </StackLayout>
                <Label class="action-bar-title" text="autor tytuł obrazu"/>
            </StackLayout>
        </ActionBar>
    </Page.actionBar>
   <GridLayout>
        <fresco:FrescoDrawee id="image-background" 
                                height="100%"
                                aspectRatio="1"
                                verticalAlignment="top"
                                imageUri="{{ chosenBackgroundPath }}"/>
        <StackLayout verticalAlignment="bottom">
                <FlexboxLayout class="navigation-buttons-container">
                    <StackLayout class="btn-back-wrapper" tap="backTap">
                         <Label class="btn-back"/>
                    </StackLayout>
                    <StackLayout class="btn-next-wrapper" tap="choosePhoto" orientation="horizontal">
                        <Label class="btn-next-text" text="wybierz zdjęcie"/>
                        <Label class="btn-next"/>
                    </StackLayout>
                </FlexboxLayout>
        </StackLayout>
    </GridLayout>
</Page>
